<?xml version="1.0" encoding="utf-8" standalone="yes"?>
<rss version="2.0" xmlns:atom="http://www.w3.org/2005/Atom">
  <channel>
    <title>Blog on Bitácora de Viaje</title>
    <link>https://example.com/posts/</link>
    <description>Recent content in Blog on Bitácora de Viaje</description>
    <generator>Hugo -- gohugo.io</generator>
    <language>en-us</language>
    <lastBuildDate>Sun, 24 Feb 2019 00:00:00 +0000</lastBuildDate><atom:link href="https://example.com/posts/index.xml" rel="self" type="application/rss+xml" />
    <item>
      <title>Mis expectativas</title>
      <link>https://example.com/posts/intro/</link>
      <pubDate>Mon, 21 Feb 2022 18:16:21 -0600</pubDate>
      
      <guid>https://example.com/posts/intro/</guid>
      <description>Usa este post para anotar tus expectativas de la misión.</description>
    </item>
    
  </channel>
</rss>
