<?xml version="1.0" encoding="utf-8" standalone="yes"?>
<rss version="2.0" xmlns:atom="http://www.w3.org/2005/Atom">
  <channel>
    <title>Launch X Bitácora de viaje on Bitácora de Viaje</title>
    <link>https://example.com/</link>
    <description>Recent content in Launch X Bitácora de viaje on Bitácora de Viaje</description>
    <generator>Hugo -- gohugo.io</generator>
    <language>en-us</language>
    <lastBuildDate>Mon, 21 Feb 2022 18:16:21 -0600</lastBuildDate><atom:link href="https://example.com/index.xml" rel="self" type="application/rss+xml" />
    <item>
      <title>Mis expectativas</title>
      <link>https://example.com/posts/intro/</link>
      <pubDate>Mon, 21 Feb 2022 18:16:21 -0600</pubDate>
      
      <guid>https://example.com/posts/intro/</guid>
      <description>Usa este post para anotar tus expectativas de la misión.</description>
    </item>
    
    <item>
      <title>About me</title>
      <link>https://example.com/pages/about/</link>
      <pubDate>Mon, 01 Jan 0001 00:00:00 +0000</pubDate>
      
      <guid>https://example.com/pages/about/</guid>
      <description>Who am I Hola, aquí vas a leer un poco sobre mi 🤩
 Excidit gente, si orat suo quaeque dura Calydon nata? Pars auro post stetit adfusique imis amplexus. Agmina per fabricator mittere Erymanthon habetque tot.
 Cineres Nile ipsa origine discurrunt adest Unde, et quem clausus, imo, virens quoque tales, potuit. Ingentes insilit corpore nutricis praebebat roganti licuit. Denique a vestros adulantum in bella lina parte et arte generi di igitur quis, digitis pedes.</description>
    </item>
    
  </channel>
</rss>
